word1,word2,freq
close,even,14879
close,far,12033
better,even,9366
better,far,8468
close,later,8012
close,well,7848
close,still,6955
better,well,6538
close,however,5202
close,yet,4365
close,together,4276
close,always,4273
close,first,4030
close,almost,3831
close,soon,3561
close,immediately,3560
close,probably,3476
nearly,far,3469
close,long,3299
nearly,well,3219
nearly,even,3144
close,already,3030
close,particularly,2947
better,probably,2806
better,back,2798
better,highly,2792
close,never,2673
close,back,2672
nearly,later,2618
close,indeed,2583
close,nearly,2561
nearly,still,2531
close,directly,2494
close,enough,2405
apart,even,2228
nearly,particularly,2004
close,ever,1962
close,forever,1958
close,actively,1958
close,alone,1958
nearly,however,1950
better,still,1917
better,first,1903
better,already,1876
close,primarily,1873
better,merely,1872
better,enough,1866
better,especially,1866
better,nevertheless,1862
better,ahead,1858
better,moreover,1858
better,heavily,1858
better,often,1856
better,incomparably,1855
nearly,indeed,1738
nearly,soon,1608
close,increasingly,1602
close,squarely,1602
close,persistently,1602
close,actually,1518
close,seriously,1515
close,generally,1515
nearly,immediately,1514
close,inevitably,1513
close,largely,1513
close,certainly,1513
nearly,first,1428
close,quite,1427
close,finally,1426
close,undoubtedly,1425
close,clearly,1425
close,equally,1425
nearly,directly,1320
nearly,long,1294
close,abroad,1161
close,strongly,1159
close,easily,1158
close,needlessly,1157
close,likely,1157
close,north,1157
close,best,1157
close,deeply,1157
particularly,far,1098
nearly,undoubtedly,1089
close,merely,1073
close,quickly,1070
close,apparently,1069
close,longer,1069
close,rather,1069
close,unconditionally,1068
close,simply,1068
close,ultimately,1068
close,likewise,1068
close,subsequently,1068
close,instead,1068
close,entirely,1068
close,august,1068
close,whenever,1068
close,earlier,1068
better,however,1018
apart,far,984
better,later,972
apart,first,969
apart,thus,968
better,yet,956
better,particularly,952
better,long,952
better,almost,950
better,together,950
better,immediately,948
better,never,944
better,always,944
better,indeed,944
better,ever,942
better,quite,942
better,finally,940
better,abroad,940
better,le,938
better,equally,938
better,rather,936
better,unfortunately,936
better,inevitably,934
better,certainly,934
better,largely,934
better,constantly,934
better,east,934
better,sufficiently,934
better,alone,934
better,apart,932
better,away,932
better,likely,932
better,fortunately,932
better,precisely,932
better,safely,932
better,usually,932
better,reasonably,930
better,practically,930
better,twice,930
better,immensely,930
better,naturally,930
better,navy,930
better,enormously,930
better,permanently,930
better,sore,930
better,europe,930
better,bitterly,928
better,surface,928
better,narrowly,928
better,restore,928
better,efficiently,928
better,frame,928
better,exceedingly,928
better,seldom,928
better,painfully,928
better,enemy,928
better,dimly,928
better,systematically,928
better,purposefully,928
better,pretty,928
better,genmere,928
nearly,whenever,928
better,exactly,928
better,truth,928
better,aside,928
better,satisfactorily,928
better,technically,928
better,tactically,928
better,indifferently,928
better,militarily,928
better,backward,928
better,indubitably,928
better,powerfully,928
better,anywhere,928
better,influence,928
better,expediency,928
better,essentially,928
better,america,928
better,literally,928
better,figuratively,928
better,fifth,928
better,alike,928
apart,however,877
nearly,yet,872
apart,almost,869
nearly,quite,844
close,thus,832
nearly,always,830
better,close,807
close,nt,803
close,east,803
close,politically,803
close,necessarily,802
close,wisely,802
close,eventually,802
close,considerably,802
close,assuredly,801
close,honestly,801
close,earnestly,801
close,wiser,801
close,unmistakably,801
close,speedily,801
close,aggressively,801
close,sincere,801
close,brought,801
close,unwisely,801
close,worse,801
close,automatically,801
close,morally,801
close,genuinely,801
close,courageously,801
close,economically,801
close,tremendously,801
close,overseas,801
close,rarely,801
close,earth,801
close,professedly,801
close,profess,801
close,publicly,801
close,danger,801
close,potentially,801
close,sore,801
close,privately,801
close,wholeheartedly,801
close,assume,801
nearly,primarily,795
nearly,merely,782
constantly,far,754
close,relatively,717
nearly,probably,716
close,especially,715
close,le,715
nearly,equally,715
close,effectively,715
nearly,entirely,714
close,consequently,714
close,unfortunately,714
close,highly,714
close,properly,714
close,virtually,714
close,moscow,713
close,differently,713
close,shortly,713
close,sufficiently,713
close,promptly,713
close,fully,713
close,experience,713
close,possibly,713
close,assembly,712
close,fortunately,712
close,early,712
close,keenly,712
close,soong,712
close,freely,712
close,elsewhere,712
close,informally,712
close,heartily,712
close,usually,712
close,accordance,712
close,otherwise,712
close,meanwhile,712
close,safely,712
close,deliberately,712
nearly,almost,700
nearly,never,688
apart,well,688
particularly,even,679
apart,merely,678
nearly,clearly,664
thus,even,655
nearly,apparently,646
nearly,quickly,646
nearly,relatively,633
constantly,freedom,603
nearly,possibly,598
nearly,experience,596
nearly,longer,596
nearly,moscow,596
nearly,accordance,596
apart,still,589
apart,actually,581
apart,probably,581
apart,back,580
apart,ago,580
apart,ever,580
apart,together,580
apart,eca,579
apart,really,579
nearly,shortly,528
nearly,assembly,528
nearly,back,512
particularly,still,490
apart,quite,484
apart,enough,483
thus,first,474
nearly,le,452
constantly,even,452
nearly,effectively,451
nearly,instead,450
nearly,fortunately,450
nearly,deliberately,450
nearly,highly,450
constantly,particularly,449
nearly,sufficiently,448
particularly,later,442
nearly,properly,431
nearly,together,429
however,far,426
first,later,420
particularly,well,409
however,even,405
nearly,virtually,398
nearly,certainly,394
apart,highly,388
apart,long,388
apart,primarily,388
apart,already,388
apart,yet,387
apart,never,387
apart,later,386
apart,predominantly,386
apart,completely,386
apart,nt,386
apart,erp,386
apart,finally,386
apart,nevertheless,386
apart,quickly,386
thus,however,385
nearly,consequently,383
nearly,fully,382
nearly,informally,382
nearly,keenly,382
close,freedom,361
close,approximately,360
close,ago,360
close,really,359
close,completely,358
close,nevertheless,358
close,thereafter,357
close,precisely,357
close,steadily,357
close,jointly,357
close,personally,357
close,originally,357
close,rapidly,357
close,purely,357
close,away,357
close,late,357
close,frequently,357
close,vehemently,357
close,impress,356
close,shuttle,356
close,emperor,356
close,brigadier,356
close,thickly,356
close,fundamentally,356
close,molotov,356
close,mainly,356
close,fallaciously,356
close,wise,356
close,around,356
close,mr.,356
close,moreover,356
close,firmly,356
close,daytime,356
close,time,356
close,consider,356
close,ward,356
close,altogether,356
close,ask,356
close,matter,356
close,accurately,356
close,conclusively,356
close,hold,356
close,gainfully,356
close,potsdam,356
close,frankly,356
close,recklessly,356
close,hoover,356
close,inherently,356
close,inexorably,356
close,task,356
close,friendly,356
close,ir,356
close,logically,356
close,driver,356
close,immeasurably,356
close,ally,356
close,nagasaki,356
close,korea,356
close,endure,356
close,outright,356
close,progress,356
close,starter,356
close,start,356
close,formally,356
close,fertilizer,356
close,eleven,356
close,treaty,356
close,forward,356
close,permanently,356
close,newly,356
close,intelligently,356
close,unhappily,356
close,endanger,356
close,successfully,356
close,agreed,356
close,typewriter,356
close,indefinitely,356
close,prominently,356
close,repeatedly,356
close,resolutely,356
close,barely,356
close,forth,356
close,conceivably,356
close,materially,356
close,believe,356
close,internally,356
close,thoroughly,356
close,russia,356
close,sympathetically,356
close,navy,356
close,definitely,356
close,sato,356
close,secondly,356
close,somehow,356
close,ahead,356
close,tensely,356
close,superior,356
close,wherever,356
close,austin,356
close,noon,356
close,yalta,356
close,knew,356
nearly,august,354
nearly,finally,354
particularly,immediately,352
thus,actually,346
nearly,largely,344
nearly,alone,344
nearly,likely,344
nearly,inevitably,344
nearly,deeply,344
particularly,long,341
thus,really,336
nearly,north,332
nearly,endanger,332
nearly,fundamentally,332
nearly,freedom,332
nearly,successfully,332
nearly,ahead,332
nearly,otherwise,332
nearly,agreed,332
nearly,subsequently,332
nearly,unhappily,332
nearly,shuttle,332
nearly,start,332
nearly,time,332
nearly,friendly,332
nearly,indefinitely,332
nearly,heartily,332
nearly,steadily,332
nearly,permanently,332
nearly,daytime,332
nearly,moreover,332
nearly,thickly,332
nearly,fallaciously,332
nearly,forward,332
nearly,treaty,332
nearly,newly,332
nearly,intelligently,332
nearly,firmly,332
particularly,indeed,331
nearly,eleven,328
first,far,310
constantly,unfortunately,305
constantly,merely,305
apart,le,292
apart,indeed,291
apart,east,291
apart,precisely,290
first,still,288
nearly,actively,288
thus,probably,287
constantly,regardless,286
constantly,right,286
constantly,still,286
particularly,finally,284
nearly,strongly,276
first,yet,273
constantly,first,270
particularly,merely,267
nearly,rather,264
nearly,endure,264
nearly,secondly,264
nearly,repeatedly,264
nearly,prominently,264
nearly,korea,264
nearly,somehow,264
nearly,thereafter,264
nearly,yalta,264
nearly,fertilizer,264
nearly,rapidly,264
nearly,unfortunately,264
nearly,progress,264
nearly,ultimately,264
nearly,austin,264
nearly,superior,264
nearly,already,261
particularly,undoubtedly,247
nearly,approximately,245
particularly,however,244
thus,well,242
thus,far,241
nearly,earlier,236
thus,already,236
nearly,elsewhere,236
nearly,likewise,236
nearly,promptly,236
nearly,unconditionally,236
constantly,however,236
nearly,early,236
constantly,strongly,230
far,well,230
constantly,consequently,230
thus,quite,229
thus,primarily,226
thus,predominantly,224
thus,completely,224
thus,still,219
particularly,almost,216
however,well,213
particularly,first,211
constantly,nearly,205
far,even,205
particularly,elsewhere,200
nearly,seriously,196
apart,quietly,195
apart,closely,195
particularly,yet,195
particularly,effectively,195
apart,especially,195
close,apart,195
apart,right,195
apart,sometimes,194
apart,directly,194
apart,sharply,194
apart,properly,194
apart,vastly,194
apart,often,194
apart,seriously,194
apart,virtually,194
apart,obviously,194
apart,characteristically,193
apart,higher,193
apart,late,193
apart,calmly,193
apart,similarly,193
apart,europe,193
apart,paris,193
apart,carefully,193
apart,apparently,193
apart,forcibly,193
apart,analyze,193
apart,soon,193
apart,purely,193
apart,commonly,193
apart,rapidly,193
apart,closer,193
apart,italy,193
apart,along,193
apart,fairly,193
apart,suddenly,193
apart,peacetime,193
apart,enormously,193
apart,correctly,193
apart,partly,193
apart,separately,193
apart,gradually,193
apart,adjust,193
apart,hitter,193
apart,oeec,193
apart,either,193
apart,hard,193
apart,easily,193
apart,passionately,193
constantly,long,193
apart,badly,193
apart,rather,193
apart,straight,193
apart,coldly,193
apart,originally,193
apart,imperceptibly,193
apart,name,193
apart,tentatively,193
apart,shortly,193
apart,thereafter,193
apart,jointly,193
apart,personally,193
apart,promptly,193
apart,experience,193
apart,congress,193
apart,previously,193
apart,simultaneously,193
apart,unkindly,193
apart,moscow,193
particularly,soon,182
thus,almost,182
thus,never,176
first,already,174
constantly,fortnightly,174
particularly,possibly,173
however,together,172
particularly,le,171
thus,enough,170
thus,back,170
thus,finally,168
far,still,168
apart,constantly,165
constantly,never,162
constantly,ever,162
nearly,abroad,162
however,always,160
particularly,equally,158
particularly,quite,158
particularly,deliberately,155
constantly,thus,145
thus,yet,145
constantly,actually,144
constantly,politically,144
particularly,highly,144
thus,together,144
politically,even,144
constantly,quietly,143
constantly,possibly,143
constantly,necessarily,143
constantly,steadily,143
constantly,slowly,143
constantly,understand,143
constantly,implicitly,143
constantly,inseparably,143
constantly,amply,143
constantly,achieve,143
constantly,vehemently,143
constantly,spiritually,143
constantly,explicitly,143
constantly,perfectly,143
constantly,timely,143
constantly,truly,143
constantly,falsely,143
constantly,whereby,143
constantly,find,143
first,simply,143
constantly,differently,143
nearly,ever,142
however,long,141
thus,eca,139
first,subsequently,135
however,enough,135
nearly,needlessly,130
nearly,thus,130
particularly,never,125
thus,directly,122
thus,soon,121
first,immediately,121
however,first,120
relatively,still,120
thus,ever,120
however,primarily,119
nearly,logically,118
nearly,late,118
nearly,safely,118
nearly,away,118
nearly,potsdam,118
nearly,starter,118
nearly,ask,118
nearly,thoroughly,118
nearly,matter,118
nearly,meanwhile,118
nearly,typewriter,118
nearly,formally,118
nearly,accurately,118
thus,erp,118
nearly,personally,118
nearly,wise,118
nearly,mainly,118
nearly,completely,118
nearly,knew,118
nearly,ally,118
thus,nevertheless,118
nearly,frequently,118
nearly,conceivably,118
nearly,barely,118
nearly,purely,118
nearly,nevertheless,118
nearly,wherever,118
nearly,freely,118
nearly,tensely,118
nearly,hold,118
nearly,materially,118
nearly,really,118
nearly,russia,118
nearly,nagasaki,118
nearly,definitely,118
nearly,navy,118
nearly,soong,118
nearly,sympathetically,118
nearly,impress,118
nearly,sato,118
nearly,noon,118
nearly,simply,118
however,really,117
politically,far,116
particularly,seriously,116
particularly,meanwhile,116
particularly,likewise,116
nearly,closely,115
thus,nt,113
thus,le,113
thus,carefully,112
thus,peacetime,112
thus,correctly,112
thus,either,112
thus,suddenly,112
thus,quietly,112
thus,indeed,112
thus,paris,112
thus,higher,112
thus,partly,112
thus,calmly,112
thus,precisely,112
thus,purely,112
thus,sometimes,112
apart,particularly,111
particularly,probably,111
particularly,instead,111
constantly,already,111
first,finally,108
however,still,107
constantly,always,106
however,yet,106
constantly,equally,106
constantly,together,106
constantly,yet,106
constantly,highly,106
first,inevitably,106
constantly,reasonably,106
constantly,naturally,106
apart,abroad,101
particularly,wise,100
particularly,informally,100
particularly,mainly,100
particularly,personally,100
particularly,safely,100
particularly,away,100
particularly,fortunately,100
particularly,knew,100
particularly,back,100
particularly,ally,100
particularly,potsdam,100
particularly,logically,100
particularly,nevertheless,100
particularly,purely,100
particularly,barely,100
particularly,materially,100
particularly,frequently,100
particularly,conceivably,100
apart,immensely,98
apart,heavily,98
apart,twice,98
well,even,98
apart,away,98
apart,systematically,97
apart,painfully,97
apart,alone,97
apart,bitterly,97
apart,dimly,97
apart,seldom,97
apart,purposefully,97
apart,pretty,97
apart,genmere,97
far,actually,96
particularly,shuttle,95
particularly,daytime,95
particularly,moreover,95
particularly,likely,95
particularly,alone,95
first,abroad,95
particularly,earlier,94
particularly,thus,94
first,soon,93
first,even,91
constantly,abroad,90
constantly,closely,90
however,needlessly,89
relatively,later,89
constantly,primarily,88
constantly,generally,88
however,ever,88
constantly,broadly,87
constantly,clearly,87
constantly,vigorously,87
constantly,vividly,87
constantly,aloofness,87
constantly,eventually,87
constantly,spite,87
constantly,longer,87
constantly,speech,87
constantly,aptly,87
constantly,sharply,87
constantly,directly,87
constantly,wisely,87
constantly,appreciate,87
constantly,away,87
constantly,frequently,87
constantly,specifically,87
constantly,hardly,87
constantly,sometimes,87
constantly,fully,87
constantly,utterly,87
constantly,effectively,87
however,back,87
constantly,unquestionably,87
constantly,double,87
first,almost,87
constantly,ago,87
thus,merely,87
constantly,properly,87
far,always,86
thus,promptly,86
first,immeasurably,85
first,forth,85
first,believe,85
far,especially,84
particularly,always,84
thus,long,81
first,longer,81
however,never,81
particularly,approximately,79
particularly,ask,79
first,jointly,79
particularly,matter,78
particularly,thoroughly,78
particularly,completely,78
constantly,well,78
particularly,regardless,78
particularly,accurately,78
particularly,hold,78
first,heartily,77
however,soon,77
first,driver,77
first,around,77
first,brigadier,76
particularly,thickly,76
particularly,clearly,76
particularly,firmly,76
particularly,fallaciously,76
first,generally,76
first,well,75
particularly,together,74
particularly,consequently,71
thus,later,71
however,already,69
thus,ago,69
particularly,exceedingly,68
particularly,enormously,68
particularly,permanently,68
particularly,sufficiently,68
particularly,frame,68
thus,especially,68
first,never,67
however,immediately,67
nearly,especially,67
nearly,categorically,66
nearly,fast,66
nearly,heavily,66
far,usually,66
relatively,far,66
far,ultimately,66
first,soong,64
politically,together,64
politically,always,64
however,abroad,63
thus,virtually,63
thus,august,63
thus,early,63
thus,always,63
thus,consequently,63
thus,keenly,63
thus,impress,63
thus,russia,63
thus,easily,63
thus,seriously,63
relatively,well,62
however,actually,62
far,nevertheless,61
particularly,freedom,61
far,freedom,60
however,generally,60
far,indeed,60
however,wisely,59
first,unconditionally,58
however,fully,58
particularly,inevitably,58
thus,closely,58
first,emperor,58
first,meanwhile,58
thus,adjust,58
thus,experience,58
particularly,longer,58
particularly,fertilizer,58
thus,passionately,58
thus,along,58
thus,gradually,58
particularly,heartily,58
thus,forcibly,58
thus,right,58
thus,rapidly,58
thus,fairly,58
thus,characteristically,58
thus,separately,58
thus,obviously,58
thus,properly,58
thus,similarly,58
thus,analyze,58
thus,sharply,58
thus,late,58
thus,highly,58
thus,commonly,58
thus,europe,58
first,equally,57
particularly,relatively,57
far,ever,56
far,immediately,55
far,generally,55
particularly,steadily,55
far,inevitably,55
however,almost,55
however,sufficiently,54
politically,well,54
nearly,considerably,54
still,even,54
however,indeed,53
faraway,even,53
however,sympathetically,53
however,simply,53
relatively,whenever,52
relatively,experience,52
faraway,far,52
first,together,51
however,squarely,50
however,best,50
far,later,50
however,unwisely,50
however,assuredly,50
however,wiser,50
however,genuinely,50
however,speedily,50
however,considerably,50
however,courageously,50
however,publicly,50
however,potentially,50
however,inevitably,50
however,sore,50
however,easily,50
however,assume,50
however,privately,50
however,likely,50
however,wholeheartedly,50
relatively,primarily,49
nearly,ago,49
far,yet,49
thus,italy,49
first,back,49
nearly,double,49
thus,hitter,49
far,never,49
thus,hard,49
thus,enormously,48
thus,apparently,48
thus,oeec,48
far,probably,48
relatively,however,47
far,practically,47
far,fifth,47
far,narrowly,47
far,efficiently,47
far,restore,47
thus,quickly,46
far,together,46
first,highly,45
far,finally,45
however,precisely,45
far,earlier,44
far,informally,44
far,largely,44
even,directly,44
afar,far,43
constantly,especially,43
afar,even,43
particularly,north,42
particularly,fundamentally,42
particularly,time,42
first,probably,42
nearly,significantly,42
nearly,round,42
nearly,lack,42
nearly,middle,42
nearly,obviously,42
far,considerably,42
nearly,yearly,42
nearly,maintenance,42
particularly,ahead,42
generally,even,42
particularly,deeply,42
particularly,whenever,42
particularly,indefinitely,42
particularly,friendly,42
first,effectively,42
particularly,start,42
however,sometimes,41
east,even,41
however,earlier,41
far,equally,41
first,nevertheless,40
constantly,probably,40
however,unconditionally,40
however,apparently,40
relatively,accordance,39
particularly,necessarily,39
however,sato,39
however,instead,39
far,reasonably,39
however,definitely,39
particularly,ever,39
relatively,long,39
particularly,politically,39
particularly,quietly,39
particularly,actually,39
however,certainly,39
constantly,nevertheless,38
particularly,especially,38
relatively,yet,37
relatively,longer,37
relatively,fully,37
relatively,equally,37
relatively,progress,37
relatively,unfortunately,37
relatively,entirely,37
relatively,apparently,37
relatively,endure,37
relatively,rapidly,37
relatively,immediately,37
however,quite,37
however,unmistakably,37
relatively,sufficiently,37
however,aggressively,36
politically,still,36
however,brought,36
however,strongly,36
however,persistently,36
however,actively,36
however,alone,36
however,seriously,35
however,nevertheless,35
particularly,differently,35
however,late,34
far,originally,34
first,actually,34
relatively,thus,34
even,yet,34
however,ago,34
however,especially,34
first,primarily,34
particularly,already,33
far,altogether,33
far,task,33
far,inexorably,33
far,inherently,33
far,instead,33
well,already,33
far,hoover,33
however,erp,33
far,vehemently,33
far,recklessly,33
far,forever,33
far,resolutely,33
politically,however,33
far,freely,33
however,later,33
far,korea,33
far,heavily,33
far,already,33
far,prominently,33
far,quite,33
particularly,generally,33
strongly,directly,33
relatively,first,32
relatively,namely,32
relatively,vastly,32
politically,enough,32
relatively,practically,32
relatively,approximately,32
politically,persistently,32
relatively,chronically,32
particularly,subsequently,32
far,back,32
particularly,ultimately,32
particularly,simply,32
particularly,rather,32
particularly,directly,32
particularly,usually,32
far,safely,32
politically,actively,32
however,partly,32
faraway,still,32
however,paris,32
even,probably,32
however,carefully,32
politically,probably,32
politically,squarely,32
politically,almost,32
politically,ever,32
far,aside,31
however,commonly,31
however,adjust,31
well,probably,31
however,passionately,31
however,closely,31
however,experience,31
however,forcibly,31
far,almost,31
far,truth,31
far,enemy,31
however,along,31
however,probably,31
however,gradually,31
far,exactly,31
however,right,31
however,analyze,31
far,surface,31
well,soon,31
however,le,30
far,potentially,30
even,together,30
relatively,soon,30
first,always,30
better,nearly,30
afar,still,30
far,long,29
particularly,vehemently,29
far,enough,29
however,highly,29
relatively,especially,28
relatively,ottawa,28
relatively,already,28
even,long,28
thus,jointly,28
far,ahead,28
generally,yet,28
faraway,well,28
generally,directly,28
far,likewise,28
generally,rather,28
far,frequently,27
first,ever,27
well,actually,26
first,vigorously,26
first,broadly,26
first,utterly,26
highly,soon,26
first,sometimes,26
first,fully,26
particularly,right,26
first,appreciate,26
far,soon,25
first,long,25
far,steadily,25
even,ever,24
far,effectively,24
nearly,forever,24
politically,already,24
nearly,increasingly,24
highly,later,24
far,wisely,24
nearly,enough,24
well,still,24
far,fundamentally,24
nearly,persistently,24
first,especially,24
nearly,squarely,24
thus,east,23
thus,badly,23
generally,almost,23
thus,vastly,23
thus,closer,23
thus,congress,23
faraway,later,23
thus,previously,23
thus,simultaneously,23
thus,moscow,23
thus,thereafter,23
far,directly,23
thus,unkindly,23
thus,shortly,23
even,merely,22
afar,later,22
first,likewise,22
generally,together,22
better,soon,22
better,politically,22
relatively,le,22
immensely,even,21
first,closer,21
first,likely,21
first,sore,21
first,enough,21
afar,well,21
first,agreed,21
faraway,however,21
faraway,first,21
constantly,practically,20
far,earnestly,20
politically,thus,20
generally,still,20
far,quickly,20
far,merely,20
far,deeply,20
better,thus,20
far,automatically,20
probably,directly,20
constantly,heavily,20
afar,however,20
far,primarily,20
far,worse,20
constantly,sufficiently,20
far,sincere,20
far,honestly,20
far,persistently,20
far,eca,20
far,actively,20
constantly,aside,19
first,merely,19
constantly,moreover,19
constantly,enemy,19
constantly,later,19
well,highly,19
afar,first,19
relatively,east,19
relatively,actually,19
thus,unfortunately,19
constantly,exactly,19
constantly,surface,19
constantly,usually,19
constantly,fifth,19
constantly,narrowly,19
constantly,restore,19
constantly,efficiently,19
constantly,frame,19
constantly,enormously,19
constantly,exceedingly,19
constantly,finally,19
far,purely,19
constantly,permanently,19
probably,yalta,19
probably,repeatedly,19
probably,certainly,19
probably,quickly,19
probably,later,19
however,equally,19
thus,slowly,19
thus,steadily,19
far,east,19
first,purely,19
even,equally,19
constantly,powerfully,19
constantly,back,19
constantly,safely,19
constantly,inevitably,19
constantly,truth,19
constantly,anywhere,19
constantly,figuratively,19
constantly,america,19
constantly,essentially,19
constantly,ahead,19
constantly,immediately,19
constantly,enough,19
constantly,certainly,19
constantly,expediency,19
constantly,literally,19
constantly,rather,19
constantly,influence,19
constantly,likely,19
constantly,fortunately,19
constantly,sore,19
constantly,alike,19
better,directly,18
far,vividly,18
better,actually,18
far,away,18
however,accordance,18
first,maintenance,18
however,freedom,18
however,fortnightly,18
even,naturally,18
however,twice,18
even,gradually,17
politically,generally,17
even,forcibly,17
however,systematically,17
however,pretty,17
even,along,17
however,genmere,17
first,frequently,17
still,especially,17
however,east,17
however,dimly,17
first,usually,17
politically,first,17
however,purposefully,17
probably,strongly,17
politically,needlessly,16
politically,strongly,16
politically,wiser,16
politically,yet,16
politically,speedily,16
politically,earnestly,16
politically,best,16
politically,wisely,16
politically,honestly,16
politically,brought,16
politically,unmistakably,16
politically,alone,16
politically,aggressively,16
politically,inevitably,16
politically,long,16
politically,sore,16
particularly,around,16
particularly,driver,16
particularly,immeasurably,16
particularly,forth,16
particularly,believe,16
generally,always,16
already,even,16
politically,considerably,16
politically,actually,16
politically,potentially,16
politically,worse,16
politically,easily,16
politically,unwisely,16
politically,likely,16
politically,privately,16
politically,publicly,16
politically,wholeheartedly,16
politically,assume,16
politically,courageously,16
politically,genuinely,16
politically,never,16
politically,assuredly,16
politically,abroad,16
politically,back,16
politically,sincere,16
better,primarily,16
politically,primarily,16
particularly,virtually,16
particularly,outright,16
particularly,ago,16
particularly,gainfully,16
particularly,conclusively,16
particularly,easily,16
particularly,internally,16
particularly,otherwise,16
particularly,molotov,16
particularly,altogether,16
particularly,mr.,16
still,yet,16
first,wise,16
first,mainly,16
first,understand,16
first,personally,16
politically,automatically,16
particularly,resolutely,16
far,highly,16
first,ally,16
particularly,task,16
particularly,brigadier,16
particularly,abroad,16
particularly,jointly,16
particularly,emperor,16
particularly,unconditionally,16
particularly,soong,16
particularly,freely,16
even,later,16
particularly,largely,16
particularly,inexorably,16
still,rather,16
particularly,inherently,16
particularly,originally,16
particularly,hoover,16
particularly,recklessly,16
particularly,forever,16
first,knew,16
first,fortunately,16
first,barely,16
politically,profess,16
thus,rather,16
politically,morally,16
politically,forever,16
directly,assembly,16
politically,earth,16
politically,indeed,16
politically,professedly,16
first,undoubtedly,16
politically,east,16
politically,danger,16
first,materially,16
first,conceivably,16
first,elsewhere,16
politically,deeply,16
first,seriously,16
relatively,subsequently,15
even,shortly,15
well,almost,15
relatively,never,15
relatively,agreed,15
generally,already,15
relatively,fortunately,15
relatively,moscow,15
relatively,otherwise,15
even,always,15
faraway,yet,15
generally,sore,15
generally,enough,15
generally,inevitably,15
well,abroad,15
far,undoubtedly,15
relatively,unhappily,15
relatively,endanger,15
relatively,virtually,15
relatively,successfully,15
relatively,clearly,15
far,seriously,15
first,properly,14
immensely,far,14
immensely,well,14
even,passionately,14
even,experience,14
generally,outright,14
far,time,14
well,instead,14
generally,conclusively,14
generally,ago,14
faraway,probably,14
afar,yet,14
far,friendly,14
generally,gainfully,14
generally,usually,14
better,relatively,14
even,assembly,14
actually,ultimately,14
far,start,14
still,later,13
already,later,13
even,right,13
primarily,paris,13
primarily,partly,13
primarily,really,13
particularly,unfortunately,13
far,abroad,13
well,together,13
particularly,slowly,13
however,safely,13
highly,freely,13
highly,wherever,13
nearly,east,13
well,moscow,13
even,indeed,13
well,really,13
nearly,politically,13
nearly,generally,13
nearly,actually,13
far,likely,13
faraway,long,13
well,long,13
highly,soong,13
highly,quickly,13
highly,ever,13
highly,tensely,13
highly,august,13
particularly,understand,13
highly,likewise,13
particularly,inseparably,13
particularly,timely,13
first,fairly,13
particularly,spiritually,13
first,characteristically,13
well,usually,13
first,europe,13
first,rapidly,13
first,virtually,13
particularly,explicitly,13
well,immediately,13
particularly,implicitly,13
first,sharply,13
particularly,perfectly,13
particularly,amply,13
first,obviously,13
first,separately,13
particularly,achieve,13
faraway,particularly,13
nearly,privately,12
nearly,genuinely,12
nearly,courageously,12
faraway,already,12
nearly,assume,12
nearly,wholeheartedly,12
nearly,publicly,12
well,alone,12
nearly,easily,12
far,unmistakably,12
nearly,sore,12
far,moreover,12
nearly,potentially,12
nearly,assuredly,12
well,always,12
first,predominantly,12
east,danger,12
east,squarely,12
even,back,12
nearly,best,12
nearly,unwisely,12
nearly,speedily,12
well,likely,12
well,effectively,12
well,clearly,12
nearly,overseas,12
nearly,tremendously,12
nearly,economically,12
nearly,morally,12
nearly,earth,12
nearly,professedly,12
nearly,profess,12
better,freedom,12
nearly,danger,12
actually,probably,12
nearly,worse,12
nearly,sincere,12
nearly,earnestly,12
nearly,honestly,12
nearly,brought,12
nearly,aggressively,12
actually,quite,12
nearly,unmistakably,12
nearly,wiser,12
nearly,wisely,12
actually,higher,12
first,alike,12
afar,particularly,12
nearly,automatically,12
first,ahead,12
well,nevertheless,12
far,yearly,12
faraway,together,12
first,truth,12
first,heavily,12
first,naturally,12
first,anywhere,12
first,rather,12
first,expediency,12
first,certainly,12
afar,long,12
first,influence,12
first,efficiently,12
first,essentially,12
first,august,12
however,entirely,12
first,figuratively,12
first,america,12
far,significantly,12
first,literally,12
first,reasonably,12
first,practically,12
first,safely,12
faraway,almost,12
first,restore,12
first,aside,12
first,enemy,12
first,exactly,12
first,surface,12
far,europe,12
first,narrowly,12
first,fifth,12
well,quietly,11
well,quite,11
afar,almost,11
well,higher,11
afar,soon,11
primarily,even,11
afar,together,11
well,correctly,11
well,virtually,11
far,rather,11
thus,generally,11
however,ask,11
well,calmly,11
well,either,11
far,genmere,11
thus,originally,11
faraway,soon,11
far,satisfactorily,11
far,definitely,11
even,certainly,11
far,indubitably,11
ever,soon,11
however,matter,11
however,thoroughly,11
still,together,11
however,deliberately,11
faraway,immediately,11
far,pretty,11
well,reasonably,11
well,surface,11
still,indeed,11
thus,simply,11
far,easily,11
afar,probably,11
well,completely,11
later,noon,11
well,suddenly,11
even,alone,10
well,le,10
better,ago,10
faraway,merely,10
faraway,thus,10
even,never,10
better,clearly,10
far,congress,10
well,ever,10
faraway,back,10
well,experience,10
immensely,often,10
far,sore,10
far,previously,10
abroad,even,10
far,simultaneously,10
better,seriously,10
even,consequently,10
far,similarly,10
well,increasingly,10
immensely,back,10
better,generally,10
better,approximately,10
better,undoubtedly,10
immensely,highly,10
far,moscow,10
later,promptly,10
thus,immediately,10
afar,thus,10
however,whenever,10
however,rapidly,10
however,progress,10
far,meanwhile,10
even,quickly,10
afar,already,10
well,successfully,10
le,still,10
thus,subsequently,10
far,barely,10
far,materially,10
still,seriously,10
far,conceivably,10
well,whenever,10
however,consequently,10
thus,ultimately,10
far,deliberately,10
far,unkindly,10
afar,immediately,10
better,quickly,10
thus,differently,10
well,fortunately,10
thus,usually,10
well,otherwise,10
far,elsewhere,10
first,considerably,9
generally,especially,9
first,needlessly,9
first,speedily,9
especially,probably,9
however,reasonably,9
especially,quite,9
well,sufficiently,9
far,courageously,9
especially,easily,9
afar,nearly,9
far,assume,9
however,specifically,9
however,hardly,9
far,wholeheartedly,9
far,ally,9
especially,likewise,9
far,privately,9
however,aloofness,9
first,unwisely,9
first,potentially,9
even,closely,9
however,unquestionably,9
first,privately,9
first,publicly,9
far,approximately,9
first,wholeheartedly,9
first,assume,9
however,longer,9
first,courageously,9
far,squarely,9
however,aptly,9
far,assuredly,9
first,squarely,9
far,publicly,9
first,assuredly,9
far,genuinely,9
faraway,indeed,9
first,genuinely,9
first,easily,9
approximately,even,9
still,long,9
generally,later,9
faraway,directly,9
even,freedom,9
faraway,always,9
approximately,obviously,9
however,broadly,9
however,vigorously,9
however,appreciate,9
however,effectively,9
faraway,never,9
however,utterly,9
however,away,9
however,frequently,9
however,vividly,9
primarily,sometimes,9
however,speech,9
faraway,nearly,9
merely,later,9
however,directly,9
however,spite,9
quite,indeed,9
afar,directly,9
le,peacetime,9
still,outright,8
even,rather,8
generally,hardly,8
even,literally,8
generally,simply,8
generally,spite,8
faraway,ever,8
even,figuratively,8
even,anywhere,8
even,instead,8
even,america,8
even,amply,8
generally,abroad,8
even,achieve,8
generally,subsequently,8
generally,emperor,8
generally,meanwhile,8
generally,jointly,8
already,simply,8
faraway,quite,8
afar,never,8
afar,actually,8
afar,merely,8
afar,primarily,8
primarily,quite,8
afar,always,8
afar,indeed,8
still,ago,8
even,quite,8
generally,speech,8
still,directly,8
still,highly,8
even,strongly,8
properly,shortly,8
still,gainfully,8
better,strongly,8
better,longer,8
better,consequently,8
however,forward,8
however,permanently,8
however,newly,8
already,seriously,8
however,intelligently,8
better,really,8
even,thereafter,8
better,apparently,8
better,properly,8
faraway,primarily,8
faraway,actually,8
actually,predominantly,8
even,actively,8
better,virtually,8
far,naturally,8
together,privately,8
together,publicly,8
together,likely,8
together,wholeheartedly,8
together,easily,8
generally,fortnightly,8
generally,reasonably,8
even,inseparably,8
vastly,ago,8
far,logically,8
generally,specifically,8
ago,merely,8
ago,tentatively,8
ago,name,8
already,economically,8
faraway,relatively,7
faraway,highly,7
still,already,7
long,unfortunately,7
even,essentially,7
even,ahead,7
even,immediately,7
actually,immediately,7
faraway,especially,7
never,inexorably,7
well,forever,7
actually,originally,7
actually,recklessly,7
actually,never,7
actually,instead,7
first,directly,7
merely,moscow,7
merely,unkindly,7
faraway,abroad,7
actually,inherently,7
actually,inexorably,7
actually,usually,7
actually,task,7
sufficiently,permanently,7
actually,hoover,7
actually,vehemently,7
approximately,undoubtedly,7
actually,freely,7
actually,earlier,7
well,indefinitely,7
never,task,7
afar,relatively,7
well,longer,7
faraway,enough,7
even,fully,7
far,anywhere,7
far,militarily,7
probably,never,7
first,completely,7
far,indifferently,7
well,enough,7
first,quite,7
even,profess,7
even,professedly,7
even,forever,7
even,somehow,7
even,superior,7
even,properly,7
even,keenly,7
even,austin,7
even,yalta,7
even,repeatedly,7
well,endanger,7
however,merely,7
far,fortnightly,7
far,consequently,7
actually,already,7
immensely,le,7
far,backward,7
far,twice,7
still,separately,7
far,figuratively,7
far,literally,7
never,earlier,7
far,america,7
far,essentially,7
far,certainly,7
far,expediency,7
never,freely,7
never,usually,7
never,immediately,7
faraway,finally,7
still,characteristically,7
still,sharply,7
still,fairly,7
still,europe,7
still,obviously,7
however,august,7
first,le,7
afar,quite,7
however,obviously,7
afar,ever,7
still,primarily,7
afar,back,7
east,long,6
far,le,6
closely,together,6
thus,tentatively,6
still,unfortunately,6
far,fully,6
thus,name,6
ago,almost,6
still,virtually,6
almost,imperceptibly,6
thus,personally,6
thus,straight,6
thus,coldly,6
thus,imperceptibly,6
east,promptly,6
still,equally,6
first,quickly,6
better,earlier,6
ever,later,6
ever,soong,6
later,quickly,6
even,unconditionally,6
still,exactly,6
still,enemy,6
still,earlier,6
still,aside,6
faraway,freedom,6
better,whenever,6
better,actively,6
better,august,6
better,entirely,6
better,simply,6
better,unconditionally,6
ever,likewise,6
ever,quickly,6
promptly,soon,6
first,nagasaki,6
already,abroad,6
already,almost,6
already,yet,6
already,believe,6
afar,freedom,6
first,formally,6
first,early,6
afar,abroad,6
first,navy,6
first,promptly,6
first,noon,6
first,wherever,6
first,freely,6
first,tensely,6
better,subsequently,6
faraway,equally,6
afar,finally,6
better,instead,6
indeed,almost,6
well,indeed,6
better,differently,6
better,effectively,6
better,fully,6
better,closely,6
well,certainly,6
still,worse,6
still,actively,6
still,sincere,6
still,persistently,6
still,earnestly,6
still,honestly,6
well,strongly,6
well,aggressively,6
better,right,6
far,possibly,6
far,fallaciously,6
better,experience,6
long,apparently,6
better,ultimately,6
still,whenever,6
better,forever,6
better,likewise,6
better,completely,6
better,easily,6
always,inevitably,6
better,moscow,6
better,eca,6
better,promptly,6
better,shortly,6
better,nt,6
better,possibly,6
already,jointly,6
far,best,6
actually,either,6
well,away,6
immensely,twice,6
well,often,6
first,nt,6
immensely,east,6
well,painfully,6
well,seldom,6
first,peacetime,6
well,seriously,6
first,really,6
still,clearly,6
first,calmly,6
faraway,le,6
actually,quietly,6
actually,correctly,6
actually,suddenly,6
twice,even,6
first,higher,6
first,quietly,6
first,suddenly,6
even,enough,6
first,either,6
first,correctly,6
immensely,however,6
even,unfortunately,5
faraway,ago,5
constantly,relatively,5
faraway,approximately,5
le,actually,5
thus,immeasurably,5
immensely,pretty,5
apart,relatively,5
thus,inevitably,5
quite,safely,5
equally,fortunately,5
equally,knew,5
equally,back,5
thus,molotov,5
apart,freedom,5
immensely,enough,5
properly,keenly,5
properly,thereafter,5
properly,austin,5
properly,assembly,5
directly,properly,5
faraway,unfortunately,5
particularly,strongly,5
well,merely,5
faraway,rather,5
immensely,genmere,5
consequently,inseparably,5
first,consequently,5
together,honestly,5
together,earnestly,5
together,actively,5
abroad,away,5
faraway,generally,5
particularly,primarily,5
always,almost,5
generally,easily,5
well,economically,5
well,tremendously,5
well,overseas,5
better,considerably,5
however,regardless,5
consequently,amply,5
faraway,quickly,5
immensely,relatively,5
quite,equally,5
well,ahead,5
well,inevitably,5
thus,internally,5
faraway,nevertheless,5
thus,otherwise,5
quite,later,5
le,even,5
afar,equally,5
longer,heartily,5
thus,brigadier,5
thus,abroad,5
afar,quickly,5
immensely,seldom,5
immensely,painfully,5
afar,ago,5
thus,meanwhile,5
afar,clearly,5
thus,emperor,5
thus,unconditionally,5
thus,soong,5
far,virtually,5
thus,earlier,5
thus,task,5
thus,inexorably,5
longer,driver,5
longer,around,5
thus,longer,5
thus,around,5
thus,forth,5
thus,believe,5
even,outright,5
immensely,purposefully,5
faraway,undoubtedly,5
immensely,systematically,5
immensely,dimly,5
immensely,indeed,5
immensely,abroad,5
usually,immediately,5
immensely,away,5
still,unconditionally,5
afar,enough,5
thus,heartily,5
thus,driver,5
thus,inherently,5
thus,freely,5
thus,instead,5
thus,forever,5
thus,likewise,5
still,approximately,5
thus,conclusively,5
thus,gainfully,5
especially,seriously,5
sufficiently,highly,5
faraway,clearly,5
immensely,quite,5
immensely,heavily,5
thus,outright,5
faraway,seriously,5
thus,resolutely,5
thus,altogether,5
thus,largely,5
immensely,bitterly,5
thus,recklessly,5
afar,especially,5
afar,seriously,5
immensely,alone,5
afar,undoubtedly,5
afar,approximately,5
immensely,almost,5
soon,immediately,5
thus,hoover,5
thus,vehemently,5
afar,le,5
afar,generally,5
easily,likely,4
already,satisfactorily,4
still,fully,4
always,figuratively,4
actually,freedom,4
particularly,find,4
particularly,whereby,4
particularly,falsely,4
particularly,truly,4
always,literally,4
even,fortunately,4
far,closely,4
always,america,4
always,anywhere,4
well,especially,4
already,europe,4
far,ago,4
always,merely,4
already,indubitably,4
probably,incomparably,4
together,finally,4
far,thoroughly,4
certainly,increasingly,4
indeed,carefully,4
still,subsequently,4
originally,ultimately,4
vehemently,ultimately,4
actually,forever,4
actually,largely,4
actually,yet,4
well,ultimately,4
generally,probably,4
seriously,internally,4
virtually,differently,4
far,differently,4
primarily,indeed,4
indeed,really,4
indeed,nevertheless,4
however,promptly,4
probably,quietly,4
actually,nt,4
even,adjust,4
even,badly,4
even,seriously,4
even,late,4
well,never,4
obviously,sharply,4
sharply,separately,4
sharply,fairly,4
still,rapidly,4
still,merely,4
still,eca,4
however,early,4
later,soon,4
nt,later,4
quite,away,4
even,rarely,4
however,quietly,4
even,nt,4
even,necessarily,4
far,quietly,4
primarily,never,4
yet,fully,4
yet,whenever,4
yet,rapidly,4
long,longer,4
longer,later,4
yet,shortly,4
later,safely,4
soon,deliberately,4
immediately,navy,4
soon,ask,4
far,ask,4
still,enough,4
far,matter,4
consequently,soon,4
well,consequently,4
well,promptly,4
well,august,4
well,early,4
well,keenly,4
well,impress,4
well,later,4
later,soong,4
faraway,better,4
back,genmere,4
faraway,largely,4
better,jointly,4
faraway,consequently,4
faraway,east,4
far,etc,4
better,early,4
far,south,4
better,persistently,4
faraway,certainly,4
constantly,approximately,4
afar,unfortunately,4
better,deliberately,4
afar,properly,4
better,keenly,4
still,heavily,4
better,accordance,4
better,vehemently,4
afar,highly,4
better,otherwise,4
however,categorically,4
better,squarely,4
better,steadily,4
however,fast,4
faraway,strongly,4
faraway,apparently,4
faraway,sufficiently,4
better,originally,4
better,erp,4
better,personally,4
better,quietly,4
better,increasingly,4
better,thereafter,4
long,clearly,4
better,elsewhere,4
better,regardless,4
better,informally,4
faraway,inevitably,4
afar,really,4
better,necessarily,4
better,north,4
better,deeply,4
afar,rather,4
however,virtually,4
faraway,virtually,4
however,heavily,4
better,vastly,4
better,fortnightly,4
faraway,longer,4
afar,apparently,4
faraway,alone,4
better,late,4
better,meanwhile,4
better,assembly,4
far,specifically,4
better,freely,4
far,vigorously,4
better,rapidly,4
better,soong,4
better,eventually,4
far,broadly,4
better,sharply,4
far,hardly,4
apart,approximately,4
better,wisely,4
faraway,constantly,4
better,needlessly,4
better,frequently,4
better,best,4
better,purely,4
afar,consequently,4
afar,longer,4
better,predominantly,4
far,spite,4
faraway,properly,4
far,speech,4
afar,virtually,4
better,heartily,4
afar,strongly,4
better,sometimes,4
far,utterly,4
faraway,really,4
apart,nearly,4
far,appreciate,4
better,obviously,4
however,wherever,3
industrially,far,3
afar,shortly,3
however,noon,3
however,undoubtedly,3
however,navy,3
close,eca,3
faraway,easily,3
however,nagasaki,3
afar,promptly,3
however,formally,3
however,typewriter,3
however,starter,3
however,properly,3
however,freely,3
later,immediately,3
afar,eca,3
still,utterly,3
faraway,promptly,3
merely,quickly,3
quickly,eca,3
yet,equally,3
afar,effectively,3
afar,fully,3
still,accordance,3
still,progress,3
faraway,right,3
faraway,differently,3
however,vastly,3
however,tentatively,3
however,name,3
however,imperceptibly,3
however,originally,3
however,coldly,3
however,straight,3
however,rather,3
afar,sufficiently,3
afar,closely,3
never,nevertheless,3
never,certainly,3
even,powerfully,3
faraway,possibly,3
faraway,nt,3
faraway,eca,3
quickly,simultaneously,3
quickly,previously,3
however,tensely,3
however,quickly,3
however,likewise,3
however,soong,3
afar,nevertheless,3
faraway,moscow,3
latter,far,3
afar,differently,3
afar,nt,3
faraway,experience,3
faraway,shortly,3
afar,possibly,3
afar,right,3
particularly,fully,3
shortly,thereafter,3
vastly,merely,3
afar,moscow,3
afar,experience,3
longer,yet,3
indeed,clearly,3
probably,merely,3
afar,actively,3
indeed,erp,3
actively,persistently,3
even,moreover,3
faraway,fortunately,3
far,wiser,3
afar,certainly,3
indeed,firmly,3
afar,august,3
indeed,merely,3
afar,entirely,3
probably,almost,3
afar,inevitably,3
le,already,3
already,nt,3
virtually,otherwise,3
afar,simply,3
afar,unconditionally,3
afar,subsequently,3
afar,whenever,3
faraway,actively,3
always,ahead,3
faraway,whenever,3
certainly,tremendously,3
close,right,3
close,closely,3
better,afar,3
close,constantly,3
faraway,likely,3
faraway,moreover,3
faraway,ahead,3
afar,alone,3
clearly,unfortunately,3
even,eventually,3
clearly,ir,3
clearly,frankly,3
clearly,consider,3
clearly,yet,3
however,clearly,3
still,consider,3
still,frankly,3
still,ir,3
still,best,3
afar,earlier,3
afar,instead,3
yet,finally,3
faraway,forever,3
originally,instead,3
originally,inherently,3
never,originally,3
afar,completely,3
faraway,effectively,3
probably,navy,3
faraway,earlier,3
faraway,instead,3
faraway,ultimately,3
virtually,rapidly,3
even,ago,3
virtually,almost,3
faraway,usually,3
faraway,likewise,3
afar,easily,3
faraway,safely,3
faraway,precisely,3
yet,later,3
meantime,far,3
faraway,completely,3
primarily,later,3
faraway,subsequently,3
long,unwisely,3
afar,forever,3
long,together,3
long,back,3
seriously,differently,3
faraway,august,3
probably,quite,3
afar,ultimately,3
faraway,entirely,3
well,start,3
well,time,3
afar,largely,3
faraway,unconditionally,3
directly,ago,3
well,heartily,3
well,yet,3
afar,likewise,3
merely,heartily,3
merely,north,3
immensely,still,3
merely,deeply,3
faraway,simply,3
never,enough,3
merely,eca,3
reasonably,nevertheless,3
well,restore,3
even,painfully,3
actually,strongly,3
actually,find,3
actually,whereby,3
rather,quickly,3
actually,falsely,3
actually,truly,3
afar,close,3
far,longer,3
afar,constantly,3
even,sato,3
even,needlessly,3
still,quite,3
far,aptly,3
even,systematically,3
still,categorically,3
still,fast,3
even,purposefully,3
rather,apparently,3
even,often,3
still,immediately,3
yet,nt,3
even,highly,3
undoubtedly,conceivably,3
undoubtedly,elsewhere,3
undoubtedly,seriously,3
undoubtedly,frequently,3
faraway,politically,3
undoubtedly,materially,3
undoubtedly,barely,3
faraway,apart,3
equally,personally,3
twice,purposefully,3
personally,immediately,3
far,unquestionably,3
yet,almost,3
twice,le,3
faraway,close,3
twice,dimly,3
twice,systematically,3
well,primarily,3
rather,ultimately,3
well,efficiently,3
afar,east,3
still,appreciate,3
always,consequently,3
away,later,3
still,broadly,3
always,promptly,3
back,pretty,3
still,vigorously,3
always,august,3
always,early,3
faraway,heavily,3
always,soon,3
even,away,3
nevertheless,finally,3
faraway,away,3
shortly,superior,3
abroad,round,3
consequently,promptly,3
far,unfortunately,3
even,seldom,3
faraway,fully,3
quickly,certainly,3
faraway,closely,3
still,effectively,3
afar,politically,3
abroad,lack,3
well,narrowly,3
far,maintenance,3
approximately,abroad,3
better,intelligently,2
far,conclusively,2
even,daytime,2
better,amply,2
afar,fortunately,2
better,fertilizer,2
far,gainfully,2
afar,deliberately,2
afar,needlessly,2
better,endanger,2
better,spiritually,2
better,treaty,2
better,forward,2
afar,early,2
afar,keenly,2
afar,elsewhere,2
better,eleven,2
possibly,deliberately,2
better,newly,2
indeed,steadily,2
still,possibly,2
better,achieve,2
afar,informally,2
far,outright,2
better,unhappily,2
afar,vastly,2
afar,heartily,2
better,thickly,2
immediately,indefinitely,2
better,fallaciously,2
better,shuttle,2
afar,usually,2
better,daytime,2
yet,rather,2
well,resolutely,2
well,altogether,2
better,rarely,2
well,largely,2
better,overseas,2
well,recklessly,2
well,vehemently,2
better,tremendously,2
well,hoover,2
well,originally,2
afar,otherwise,2
well,inherently,2
well,inexorably,2
well,task,2
well,earlier,2
better,firmly,2
better,fundamentally,2
virtually,seriously,2
better,start,2
virtually,internally,2
especially,virtually,2
better,inseparably,2
better,understand,2
afar,meanwhile,2
better,secondly,2
better,barely,2
afar,soong,2
afar,freely,2
far,internally,2
better,materially,2
better,slowly,2
always,start,2
better,conceivably,2
better,successfully,2
quite,easily,2
better,agreed,2
better,ally,2
better,indefinitely,2
better,friendly,2
better,time,2
inevitably,ahead,2
yet,merely,2
better,implicitly,2
better,significantly,2
afar,persistently,2
better,south,2
better,ottawa,2
better,namely,2
afar,squarely,2
better,chronically,2
better,middle,2
better,lack,2
better,round,2
afar,increasingly,2
better,latter,2
better,yearly,2
better,maintenance,2
afar,likely,2
better,fast,2
better,categorically,2
seriously,barely,2
seriously,materially,2
better,aloofness,2
better,unquestionably,2
better,etc,2
rather,moscow,2
clearly,best,2
faraway,often,2
close,erp,2
close,quietly,2
close,regardless,2
faraway,sore,2
faraway,incomparably,2
close,sometimes,2
close,fortnightly,2
close,sharply,2
close,obviously,2
close,vastly,2
long,likewise,2
never,almost,2
later,alone,2
nearly,nt,2
better,meantime,2
nt,alone,2
nt,rarely,2
necessarily,later,2
long,finally,2
better,industrially,2
seriously,conceivably,2
seriously,elsewhere,2
far,otherwise,2
probably,moreover,2
better,timely,2
indeed,yet,2
better,economically,2
better,korea,2
afar,accordance,2
yet,moreover,2
yet,alone,2
probably,indeed,2
better,austin,2
afar,assembly,2
better,yalta,2
probably,alone,2
probably,yet,2
better,superior,2
better,somehow,2
better,perfectly,2
better,endure,2
better,explicitly,2
even,almost,2
better,progress,2
better,truly,2
long,likely,2
better,aptly,2
equally,almost,2
better,prominently,2
better,specifically,2
better,hardly,2
better,speech,2
better,spite,2
better,vividly,2
better,utterly,2
particularly,precisely,2
better,appreciate,2
better,vigorously,2
afar,deeply,2
better,broadly,2
better,double,2
better,find,2
better,whereby,2
better,falsely,2
undoubtedly,even,2
long,effectively,2
better,repeatedly,2
afar,north,2
well,freely,2
better,potsdam,2
better,morally,2
better,straight,2
yet,keenly,2
already,sufficiently,2
already,really,2
yet,thereafter,2
primarily,simply,2
primarily,sufficiently,2
primarily,already,2
however,treaty,2
afar,originally,2
primarily,sympathetically,2
yet,austin,2
well,simply,2
better,privately,2
afar,erp,2
afar,personally,2
well,sympathetically,2
yet,assembly,2
afar,quietly,2
afar,regardless,2
directly,yet,2
better,wherever,2
afar,necessarily,2
afar,steadily,2
sufficiently,simply,2
thus,sufficiently,2
yet,properly,2
better,courageously,2
better,ward,2
better,assuredly,2
better,ir,2
better,frankly,2
better,consider,2
better,mr.,2
later,believe,2
better,molotov,2
better,internally,2
better,genuinely,2
better,conclusively,2
yet,superior,2
better,assume,2
better,gainfully,2
afar,thereafter,2
better,wholeheartedly,2
better,publicly,2
even,finally,2
yet,back,2
however,largely,2
yet,actively,2
better,tensely,2
afar,vehemently,2
long,instead,2
better,noon,2
better,emperor,2
better,driver,2
afar,sharply,2
better,task,2
better,around,2
better,brigadier,2
soon,freely,2
freely,tensely,2
freely,august,2
shortly,austin,2
shortly,assembly,2
sufficiently,long,2
better,immeasurably,2
later,back,2
later,nagasaki,2
later,august,2
later,early,2
later,navy,2
directly,shortly,2
afar,considerably,2
afar,obviously,2
august,early,2
relatively,informally,2
afar,eventually,2
experience,endure,2
better,nagasaki,2
afar,sometimes,2
better,potentially,2
better,outright,2
afar,apart,2
better,formally,2
better,resolutely,2
better,altogether,2
equally,accordance,2
better,typewriter,2
better,starter,2
even,soon,2
afar,frequently,2
longer,experience,2
afar,away,2
afar,wisely,2
better,recklessly,2
better,believe,2
better,forth,2
better,hoover,2
better,inherently,2
afar,fortnightly,2
better,inexorably,2
quickly,likewise,2
better,paris,2
better,partly,2
better,carefully,2
better,ask,2
vehemently,task,2
vehemently,earlier,2
vehemently,freely,2
vehemently,usually,2
vehemently,immediately,2
first,vehemently,2
afar,purely,2
better,automatically,2
better,worse,2
better,sincere,2
better,thoroughly,2
vehemently,never,2
better,badly,2
ultimately,inherently,2
never,ultimately,2
better,congress,2
better,previously,2
better,matter,2
better,accurately,2
better,simultaneously,2
better,unkindly,2
better,hold,2
vehemently,inexorably,2
vehemently,inherently,2
better,closer,2
better,mainly,2
better,coldly,2
afar,safely,2
better,imperceptibly,2
better,name,2
afar,best,2
better,tentatively,2
better,earth,2
better,professedly,2
afar,precisely,2
better,knew,2
better,wise,2
vehemently,instead,2
better,logically,2
informally,korea,2
better,profess,2
better,danger,2
clearly,moscow,2
clearly,fortunately,2
clearly,otherwise,2
afar,predominantly,2
vehemently,hoover,2
vehemently,originally,2
better,impress,2
better,russia,2
better,unwisely,2
better,gradually,2
better,fairly,2
better,separately,2
better,analyze,2
better,definitely,2
better,commonly,2
better,sato,2
better,adjust,2
better,passionately,2
better,along,2
abroad,almost,2
better,speedily,2
better,similarly,2
promptly,august,2
better,forcibly,2
afar,jointly,2
better,peacetime,2
better,calmly,2
better,correctly,2
better,either,2
better,suddenly,2
quickly,apparently,2
better,higher,2
better,characteristically,2
later,meanwhile,2
afar,late,2
long,newly,2
better,earnestly,2
better,honestly,2
better,hitter,2
better,italy,2
better,brought,2
better,aggressively,2
well,unhappily,2
accordance,intelligently,2
accordance,newly,2
long,intelligently,2
better,unmistakably,2
later,emperor,2
long,accordance,2
long,permanently,2
afar,rapidly,2
better,wiser,2
better,sympathetically,2
undoubtedly,largely,2
better,hard,2
better,oeec,2
later,simply,2
later,subsequently,2
faraway,persistently,2
nevertheless,soon,2
faraway,informally,2
nearly,immensely,2
abroad,middle,2
faraway,frequently,2
faraway,keenly,2
already,predominantly,2
constantly,le,2
faraway,needlessly,2
faraway,sometimes,2
already,directly,2
long,needlessly,2
even,purely,2
faraway,navy,2
faraway,early,2
still,actually,2
nevertheless,usually,2
nearly,vastly,2
together,back,2
immensely,thus,2
closely,seriously,2
seriously,adjust,2
seriously,never,2
faraway,heartily,2
probably,together,2
probably,closely,2
probably,adjust,2
probably,seriously,2
probably,right,2
faraway,deliberately,2
faraway,elsewhere,2
far,obviously,2
apart,regardless,2
ever,profess,2
east,ever,2
apart,unfortunately,2
merely,regardless,2
almost,automatically,2
safely,inevitably,2
faraway,assembly,2
yet,ago,2
still,ward,2
faraway,fortnightly,2
faraway,reasonably,2
even,really,2
long,eventually,2
long,strongly,2
long,sharply,2
even,sometimes,2
naturally,long,2
primarily,long,2
actively,sincere,2
erp,enough,2
heavily,quite,2
faraway,wisely,2
still,abroad,2
far,categorically,2
far,fast,2
never,ever,2
never,genuinely,2
never,squarely,2
faraway,otherwise,2
far,fortunately,2
relatively,etc,2
relatively,south,2
relatively,generally,2
far,powerfully,2
faraway,best,2
constantly,europe,2
europe,satisfactorily,2
already,largely,2
faraway,predominantly,2
faraway,purely,2
together,hitter,2
together,italy,2
together,hard,2
faraway,late,2
still,ever,2
ever,easily,2
together,apparently,2
together,oeec,2
finally,oeec,2
finally,apparently,2
hard,finally,2
hitter,finally,2
faraway,europe,2
italy,finally,2
quickly,congress,2
faraway,enormously,2
never,courageously,2
relatively,latter,2
never,assume,2
together,never,2
faraway,meanwhile,2
ago,commonly,2
faraway,vehemently,2
squarely,courageously,2
squarely,assume,2
together,squarely,2
faraway,steadily,2
faraway,necessarily,2
faraway,regardless,2
faraway,quietly,2
faraway,personally,2
faraway,soong,2
faraway,freely,2
faraway,erp,2
almost,enough,2
faraway,originally,2
actually,considerably,2
faraway,thereafter,2
relatively,politically,2
relatively,meantime,2
virtually,properly,2
faraway,jointly,2
relatively,industrially,2
east,indeed,2
faraway,rapidly,2
enormously,finally,2
freedom,achieve,2
far,purposefully,2
far,systematically,2
faraway,twice,2
heavily,often,2
ever,efficiently,2
heavily,bitterly,2
heavily,almost,2
probably,forever,2
well,heavily,2
especially,ever,2
far,properly,2
strongly,truly,2
strongly,falsely,2
first,wisely,2
highly,finally,2
freedom,vividly,2
probably,earth,2
faraway,immensely,2
freedom,wisely,2
faraway,naturally,2
faraway,sharply,2
freedom,away,2
faraway,eventually,2
faraway,increasingly,2
freedom,frequently,2
faraway,practically,2
strongly,find,2
apart,generally,2
first,freedom,2
faraway,deeply,2
faraway,north,2
freedom,right,2
close,predominantly,2
enormously,exceedingly,2
faraway,squarely,2
faraway,considerably,2
highly,enormously,2
apart,fortnightly,2
faraway,obviously,2
faraway,accordance,2
apart,consequently,2
highly,back,2
even,longer,2
even,dimly,2
apart,politically,2
consequently,right,2
faraway,vastly,2
even,aptly,2
consequently,freedom,2
freedom,directly,2
ever,restore,2
even,fortnightly,2
strongly,whereby,2
apart,strongly,2
faraway,permanently,2
often,bitterly,1
yet,accordance,1
faraway,meantime,1
faraway,industrially,1
faraway,south,1
faraway,etc,1
rapidly,whenever,1
faraway,latter,1
fully,rapidly,1
unfortunately,fortunately,1
faraway,slowly,1
faraway,ottawa,1
practically,fifth,1
already,unfortunately,1
equally,progress,1
faraway,implicitly,1
faraway,maintenance,1
faraway,yearly,1
faraway,significantly,1
faraway,round,1
faraway,lack,1
longer,endure,1
faraway,middle,1
long,later,1
unfortunately,apparently,1
however,unfortunately,1
faraway,chronically,1
well,precisely,1
faraway,namely,1
faraway,straight,1
faraway,spiritually,1
faraway,achieve,1
faraway,amply,1
faraway,inseparably,1
faraway,understand,1
sore,influence,1
sore,alike,1
already,fortunately,1
later,entirely,1
faraway,name,1
almost,often,1
often,seldom,1
painfully,seldom,1
constantly,satisfactorily,1
away,painfully,1
away,seldom,1
europe,indubitably,1
far,dimly,1
largely,moreover,1
faraway,oeec,1
faraway,similarly,1
even,largely,1
militarily,backward,1
indifferently,backward,1
indifferently,militarily,1
twice,east,1
twice,indeed,1
le,dimly,1
ahead,backward,1
le,systematically,1
le,purposefully,1
systematically,purposefully,1
highly,enough,1
moscow,secondly,1
ahead,militarily,1
ahead,indifferently,1
highly,pretty,1
highly,genmere,1
back,enough,1
away,often,1
often,painfully,1
fully,whenever,1
faraway,hard,1
faraway,coldly,1
undoubtedly,consequently,1
undoubtedly,fertilizer,1
undoubtedly,possibly,1
almost,bitterly,1
consequently,fertilizer,1
consequently,possibly,1
possibly,fertilizer,1
first,eleven,1
quite,immediately,1
faraway,imperceptibly,1
faraway,perfectly,1
faraway,tentatively,1
faraway,badly,1
faraway,congress,1
faraway,previously,1
faraway,simultaneously,1
faraway,unkindly,1
quite,eleven,1
immediately,eleven,1
highly,often,1
faraway,closer,1
highly,painfully,1
highly,seldom,1
faraway,hitter,1
away,highly,1
faraway,italy,1
faraway,explicitly,1
sufficiently,unfortunately,1
faraway,timely,1
faraway,truly,1
merely,anywhere,1
restore,efficiently,1
merely,figuratively,1
especially,restore,1
merely,literally,1
merely,america,1
always,essentially,1
ahead,essentially,1
faraway,hardly,1
faraway,speech,1
especially,efficiently,1
faraway,spite,1
faraway,vividly,1
long,frame,1
long,enormously,1
long,exceedingly,1
always,immediately,1
immediately,essentially,1
immediately,ahead,1
back,actively,1
shortly,back,1
probably,anywhere,1
probably,figuratively,1
probably,literally,1
probably,america,1
probably,always,1
probably,essentially,1
probably,ahead,1
probably,immediately,1
america,literally,1
america,figuratively,1
america,anywhere,1
ever,narrowly,1
usually,surface,1
well,exactly,1
apparently,ultimately,1
well,enemy,1
enemy,exactly,1
well,aside,1
aside,exactly,1
aside,enemy,1
especially,exactly,1
yet,somehow,1
especially,enemy,1
well,fifth,1
especially,aside,1
inevitably,truth,1
literally,figuratively,1
faraway,aptly,1
faraway,specifically,1
heavily,later,1
heavily,safely,1
heavily,inevitably,1
heavily,truth,1
equally,together,1
yet,together,1
naturally,together,1
naturally,equally,1
naturally,yet,1
figuratively,anywhere,1
literally,anywhere,1
shortly,actively,1
enough,certainly,1
even,nevertheless,1
well,essentially,1
back,expediency,1
sufficiently,experience,1
well,equally,1
well,naturally,1
sufficiently,endure,1
sufficiently,longer,1
well,anywhere,1
sufficiently,later,1
well,figuratively,1
well,literally,1
faraway,categorically,1
well,america,1
faraway,fast,1
faraway,broadly,1
relatively,korea,1
well,practically,1
sufficiently,apparently,1
well,expediency,1
well,back,1
rather,likely,1
far,influence,1
experience,immediately,1
far,alike,1
alike,influence,1
faraway,double,1
faraway,find,1
faraway,whereby,1
faraway,falsely,1
sufficiently,immediately,1
merely,precisely,1
long,highly,1
directly,yalta,1
far,incomparably,1
faraway,unquestionably,1
nevertheless,enough,1
properly,superior,1
shortly,keenly,1
enormously,frame,1
nevertheless,certainly,1
never,expediency,1
thereafter,austin,1
thereafter,assembly,1
directly,thereafter,1
austin,assembly,1
directly,austin,1
faraway,aloofness,1
never,back,1
finally,exceedingly,1
directly,repeatedly,1
directly,certainly,1
directly,quickly,1
directly,later,1
yalta,repeatedly,1
certainly,yalta,1
well,permanently,1
certainly,repeatedly,1
faraway,utterly,1
informally,prominently,1
faraway,appreciate,1
faraway,vigorously,1
faraway,automatically,1
faraway,internally,1
navy,tactically,1
indeed,professedly,1
faraway,fertilizer,1
faraway,progress,1
faraway,endure,1
faraway,korea,1
faraway,prominently,1
forever,earth,1
even,earth,1
indeed,ever,1
faraway,treaty,1
indeed,profess,1
ever,professedly,1
east,profess,1
danger,squarely,1
even,danger,1
even,squarely,1
almost,deeply,1
faraway,eleven,1
faraway,forward,1
faraway,yalta,1
faraway,start,1
eventually,north,1
faraway,daytime,1
faraway,shuttle,1
faraway,fallaciously,1
faraway,firmly,1
faraway,thickly,1
faraway,fundamentally,1
faraway,time,1
faraway,newly,1
faraway,friendly,1
faraway,indefinitely,1
faraway,agreed,1
faraway,successfully,1
faraway,endanger,1
faraway,unhappily,1
faraway,intelligently,1
faraway,repeatedly,1
faraway,austin,1
persistently,brought,1
faraway,materially,1
even,sincere,1
even,persistently,1
even,earnestly,1
even,honestly,1
actively,worse,1
probably,daytime,1
faraway,barely,1
faraway,conceivably,1
yet,never,1
sincere,persistently,1
together,sincere,1
together,persistently,1
earnestly,honestly,1
even,shuttle,1
however,earnestly,1
however,honestly,1
even,worse,1
primarily,honestly,1
eventually,enough,1
merely,moreover,1
enough,north,1
effectively,likely,1
faraway,superior,1
faraway,somehow,1
faraway,secondly,1
even,effectively,1
even,likely,1
merely,alone,1
primarily,earnestly,1
alone,moreover,1
always,automatically,1
primarily,worse,1
primarily,actively,1
primarily,sincere,1
primarily,persistently,1
primarily,together,1
necessarily,back,1
necessarily,nt,1
necessarily,rarely,1
faraway,militarily,1
faraway,professedly,1
faraway,earth,1
faraway,potentially,1
faraway,morally,1
faraway,technically,1
faraway,tactically,1
faraway,indifferently,1
faraway,backward,1
faraway,publicly,1
faraway,indubitably,1
faraway,satisfactorily,1
faraway,powerfully,1
faraway,alike,1
increasingly,tremendously,1
faraway,influence,1
faraway,expediency,1
faraway,privately,1
faraway,wholeheartedly,1
necessarily,alone,1
faraway,wiser,1
faraway,sincere,1
faraway,danger,1
faraway,earnestly,1
faraway,honestly,1
faraway,brought,1
faraway,aggressively,1
faraway,unmistakably,1
soon,purely,1
faraway,assume,1
faraway,unwisely,1
overseas,increasingly,1
certainly,overseas,1
faraway,profess,1
faraway,assuredly,1
faraway,genuinely,1
faraway,courageously,1
faraway,essentially,1
faraway,america,1
faraway,literally,1
probably,morally,1
faraway,painfully,1
faraway,seldom,1
faraway,dimly,1
faraway,systematically,1
faraway,purposefully,1
faraway,pretty,1
faraway,genmere,1
almost,largely,1
faraway,figuratively,1
alone,rarely,1
faraway,economically,1
faraway,tremendously,1
faraway,overseas,1
nt,back,1
nearly,necessarily,1
faraway,rarely,1
faraway,bitterly,1
politically,economically,1
politically,seriously,1
faraway,exceedingly,1
even,increasingly,1
faraway,anywhere,1
faraway,truth,1
faraway,aside,1
even,tremendously,1
faraway,enemy,1
faraway,exactly,1
faraway,surface,1
faraway,fifth,1
already,forever,1
faraway,narrowly,1
faraway,restore,1
faraway,efficiently,1
seriously,economically,1
faraway,frame,1
le,almost,1
faraway,ally,1
faraway,characteristically,1
virtually,successfully,1
virtually,moscow,1
publicly,privately,1
likely,publicly,1
likely,privately,1
enough,sore,1
virtually,fortunately,1
virtually,clearly,1
experience,endanger,1
wholeheartedly,privately,1
still,potentially,1
still,unhappily,1
still,considerably,1
actually,potentially,1
technically,tactically,1
navy,technically,1
faraway,task,1
likely,wholeheartedly,1
wholeheartedly,publicly,1
faraway,inherently,1
otherwise,fortunately,1
never,assuredly,1
faraway,emperor,1
soon,agreed,1
soon,subsequently,1
moscow,fortunately,1
ever,genuinely,1
moscow,otherwise,1
ever,squarely,1
together,assume,1
ever,courageously,1
ever,assume,1
clearly,successfully,1
together,ever,1
squarely,genuinely,1
courageously,assume,1
together,courageously,1
faraway,inexorably,1
faraway,hoover,1
still,deliberately,1
faraway,forcibly,1
faraway,carefully,1
faraway,higher,1
faraway,suddenly,1
faraway,either,1
faraway,correctly,1
faraway,calmly,1
faraway,peacetime,1
faraway,gradually,1
faraway,paris,1
faraway,along,1
faraway,passionately,1
faraway,adjust,1
faraway,commonly,1
faraway,analyze,1
faraway,separately,1
faraway,fairly,1
faraway,partly,1
faraway,ward,1
faraway,recklessly,1
faraway,gainfully,1
relatively,intelligently,1
relatively,newly,1
newly,intelligently,1
faraway,altogether,1
faraway,resolutely,1
accordance,permanently,1
faraway,outright,1
faraway,conclusively,1
faraway,ir,1
long,forward,1
faraway,worse,1
faraway,molotov,1
largely,treaty,1
faraway,mr.,1
faraway,consider,1
faraway,frankly,1
faraway,brigadier,1
faraway,around,1
faraway,driver,1
freedom,steadily,1
indeed,equally,1
faraway,thoroughly,1
steadily,fundamentally,1
faraway,matter,1
faraway,accurately,1
faraway,hold,1
indeed,freedom,1
freedom,fundamentally,1
highly,thickly,1
faraway,impress,1
faraway,russia,1
faraway,sympathetically,1
faraway,definitely,1
faraway,sato,1
even,steadily,1
even,fundamentally,1
faraway,ask,1
indeed,highly,1
always,easily,1
indeed,possibly,1
faraway,knew,1
faraway,mainly,1
faraway,wise,1
actively,brought,1
strongly,aggressively,1
possibly,fallaciously,1
indeed,deliberately,1
indeed,fallaciously,1
faraway,potsdam,1
far,firmly,1
even,aggressively,1
far,clearly,1
clearly,firmly,1
indeed,thickly,1
enough,alone,1
faraway,logically,1
faraway,tensely,1
faraway,wherever,1
always,wiser,1
always,genuinely,1
longer,whenever,1
heartily,north,1
always,assuredly,1
always,never,1
heartily,deeply,1
deeply,north,1
always,ever,1
always,squarely,1
wisely,best,1
always,courageously,1
always,assume,1
always,together,1
always,wholeheartedly,1
always,publicly,1
always,privately,1
always,likely,1
longer,immediately,1
longer,indefinitely,1
still,longer,1
immediately,whenever,1
first,best,1
needlessly,speedily,1
inevitably,start,1
faraway,noon,1
always,time,1
faraway,nagasaki,1
faraway,formally,1
faraway,typewriter,1
faraway,starter,1
faraway,believe,1
faraway,forth,1
faraway,immeasurably,1
together,unwisely,1
always,friendly,1
still,indefinitely,1
faraway,speedily,1
later,starter,1
effectively,finally,1
fairly,separately,1
sharply,europe,1
europe,characteristically,1
particularly,twice,1
particularly,etc,1
particularly,south,1
particularly,east,1
sharply,highly,1
highly,characteristically,1
highly,europe,1
particularly,ottawa,1
still,almost,1
almost,rapidly,1
particularly,practically,1
particularly,namely,1
particularly,chronically,1
particularly,vastly,1
properly,soon,1
far,separately,1
far,fairly,1
far,sharply,1
far,characteristically,1
far,rapidly,1
first,similarly,1
first,eca,1
eca,similarly,1
eca,enough,1
even,eca,1
sharply,characteristically,1
obviously,fairly,1
immensely,first,1
obviously,separately,1
immensely,south,1
immensely,generally,1
immensely,actually,1
immensely,primarily,1
immensely,already,1
immensely,ottawa,1
immensely,especially,1
immensely,practically,1
ago,analyze,1
immensely,namely,1
well,forcibly,1
well,gradually,1
well,along,1
well,passionately,1
immensely,chronically,1
immensely,approximately,1
immensely,vastly,1
well,closely,1
well,adjust,1
particularly,meantime,1
particularly,industrially,1
well,right,1
well,late,1
particularly,latter,1
well,commonly,1
well,ago,1
well,analyze,1
relatively,twice,1
still,easily,1
politically,meantime,1
politically,industrially,1
hitter,oeec,1
hitter,apparently,1
hitter,hard,1
hitter,italy,1
industrially,latter,1
together,enormously,1
together,closer,1
together,jointly,1
jointly,closer,1
later,moscow,1
industrially,first,1
later,unkindly,1
unkindly,moscow,1
merely,simultaneously,1
simultaneously,eca,1
merely,previously,1
previously,eca,1
previously,simultaneously,1
industrially,twice,1
industrially,etc,1
industrially,well,1
industrially,south,1
industrially,generally,1
even,promptly,1
east,badly,1
industrially,le,1
industrially,still,1
italy,hard,1
italy,apparently,1
italy,oeec,1
meantime,however,1
politically,latter,1
politically,twice,1
politically,etc,1
politically,south,1
politically,le,1
thus,meantime,1
thus,industrially,1
thus,latter,1
thus,twice,1
thus,etc,1
thus,south,1
meantime,industrially,1
meantime,latter,1
hard,apparently,1
meantime,first,1
meantime,twice,1
meantime,etc,1
meantime,well,1
meantime,south,1
meantime,generally,1
meantime,le,1
meantime,still,1
industrially,however,1
ever,back,1
apparently,oeec,1
hard,oeec,1
immensely,etc,1
immensely,latter,1
effectively,nevertheless,1
apart,spiritually,1
apart,achieve,1
apart,amply,1
apart,inseparably,1
apart,understand,1
apart,slowly,1
apart,steadily,1
apart,necessarily,1
enough,precisely,1
however,higher,1
quite,higher,1
quietly,suddenly,1
quietly,either,1
either,suddenly,1
apart,possibly,1
quietly,correctly,1
correctly,suddenly,1
correctly,either,1
actually,calmly,1
actually,really,1
really,calmly,1
actually,completely,1
completely,calmly,1
completely,really,1
actually,almost,1
almost,calmly,1
almost,really,1
almost,completely,1
apart,vehemently,1
apart,implicitly,1
immensely,industrially,1
apart,explicitly,1
apart,spite,1
apart,vividly,1
apart,wisely,1
apart,frequently,1
apart,fully,1
apart,utterly,1
apart,equally,1
apart,effectively,1
apart,appreciate,1
apart,vigorously,1
apart,broadly,1
apart,double,1
apart,differently,1
apart,find,1
apart,whereby,1
apart,falsely,1
apart,truly,1
apart,timely,1
apart,perfectly,1
first,paris,1
first,partly,1
partly,paris,1
sometimes,really,1
really,carefully,1
primarily,nevertheless,1
nevertheless,really,1
nevertheless,carefully,1
constantly,immensely,1
constantly,meantime,1
constantly,industrially,1
constantly,latter,1
nearly,industrially,1
nearly,latter,1
nearly,twice,1
nearly,etc,1
nearly,south,1
nearly,ottawa,1
nearly,practically,1
nearly,namely,1
nearly,chronically,1
immensely,particularly,1
immensely,politically,1
ever,forcibly,1
ever,gradually,1
gradually,forcibly,1
ever,along,1
along,forcibly,1
along,gradually,1
experience,passionately,1
long,passionately,1
long,experience,1
closely,adjust,1
closely,never,1
never,adjust,1
seriously,right,1
immensely,meantime,1
probably,late,1
even,commonly,1
nearly,meantime,1
constantly,seriously,1
constantly,indeed,1
constantly,vastly,1
constantly,twice,1
constantly,etc,1
constantly,south,1
probably,calmly,1
probably,really,1
probably,completely,1
well,peacetime,1
le,nt,1
constantly,east,1
constantly,ottawa,1
constantly,namely,1
constantly,chronically,1
constantly,middle,1
constantly,quite,1
constantly,lack,1
constantly,round,1
constantly,undoubtedly,1
constantly,obviously,1
constantly,significantly,1
constantly,yearly,1
constantly,considerably,1
directly,back,1
constantly,maintenance,1
constantly,fast,1
constantly,virtually,1
constantly,categorically,1
thereafter,later,1
however,latter,1
however,etc,1
explicitly,spiritually,1
right,vehemently,1
right,spiritually,1
right,implicitly,1
right,explicitly,1
even,perfectly,1
perfectly,vehemently,1
perfectly,spiritually,1
perfectly,implicitly,1
perfectly,explicitly,1
perfectly,right,1
longer,aptly,1
longer,fortnightly,1
already,longer,1
consequently,aptly,1
consequently,fortnightly,1
already,consequently,1
aptly,fortnightly,1
already,aptly,1
already,fortnightly,1
fortnightly,reasonably,1
fortnightly,specifically,1
even,timely,1
timely,vehemently,1
faraway,afar,1
timely,implicitly,1
timely,explicitly,1
timely,right,1
explicitly,implicitly,1
explicitly,vehemently,1
however,south,1
even,explicitly,1
merely,ever,1
however,possibly,1
possibly,regardless,1
however,necessarily,1
necessarily,regardless,1
necessarily,possibly,1
politically,unfortunately,1
still,steadily,1
far,aloofness,1
still,slowly,1
slowly,steadily,1
even,unquestionably,1
far,slowly,1
thus,understand,1
never,understand,1
first,inseparably,1
first,amply,1
amply,inseparably,1
right,achieve,1
longer,consequently,1
freedom,merely,1
even,vehemently,1
even,spiritually,1
spiritually,vehemently,1
even,implicitly,1
implicitly,vehemently,1
implicitly,spiritually,1
timely,perfectly,1
falsely,truly,1
whereby,truly,1
whereby,falsely,1
first,away,1
yet,sometimes,1
abroad,yet,1
ago,properly,1
far,double,1
double,properly,1
double,ago,1
nearly,broadly,1
nearly,vigorously,1
vigorously,broadly,1
nearly,appreciate,1
appreciate,broadly,1
appreciate,vigorously,1
effectively,broadly,1
effectively,vigorously,1
effectively,appreciate,1
equally,broadly,1
equally,vigorously,1
equally,appreciate,1
equally,effectively,1
nearly,utterly,1
utterly,broadly,1
utterly,vigorously,1
utterly,appreciate,1
utterly,effectively,1
utterly,equally,1
abroad,sometimes,1
away,frequently,1
wisely,frequently,1
wisely,away,1
reasonably,spite,1
find,truly,1
find,falsely,1
find,whereby,1
strongly,freedom,1
actually,differently,1
fortnightly,hardly,1
freedom,differently,1
fortnightly,speech,1
fortnightly,spite,1
reasonably,specifically,1
reasonably,hardly,1
reasonably,speech,1
specifically,hardly,1
first,vividly,1
specifically,speech,1
specifically,spite,1
hardly,speech,1
hardly,spite,1
speech,spite,1
directly,vividly,1
directly,wisely,1
directly,away,1
directly,frequently,1
vividly,wisely,1
vividly,away,1
vividly,frequently,1
far,regardless,1
ago,ever,1
always,aloofness,1
already,ottawa,1
etc,still,1
well,south,1
almost,rather,1
rather,originally,1
rather,coldly,1
rather,nevertheless,1
rather,straight,1
far,vastly,1
far,tentatively,1
far,name,1
far,imperceptibly,1
well,generally,1
south,generally,1
far,coldly,1
south,le,1
far,straight,1
south,still,1
generally,le,1
le,primarily,1
le,east,1
actually,primarily,1
however,personally,1
personally,erp,1
nt,almost,1
actually,east,1
primarily,east,1
still,east,1
etc,le,1
etc,generally,1
etc,south,1
merely,tentatively,1
latter,first,1
latter,twice,1
latter,etc,1
latter,well,1
latter,south,1
latter,generally,1
latter,le,1
latter,still,1
first,twice,1
first,etc,1
first,south,1
shortly,later,1
merely,name,1
etc,well,1
name,tentatively,1
ago,imperceptibly,1
almost,originally,1
almost,coldly,1
coldly,originally,1
almost,nevertheless,1
nevertheless,originally,1
nevertheless,coldly,1
almost,straight,1
straight,originally,1
straight,coldly,1
straight,nevertheless,1
still,ottawa,1
already,especially,1
eventually,clearly,1
ottawa,especially,1
even,heavily,1
fast,virtually,1
fast,categorically,1
fast,quite,1
even,fast,1
virtually,categorically,1
virtually,quite,1
even,virtually,1
categorically,quite,1
even,categorically,1
indeed,seriously,1
especially,indeed,1
primarily,naturally,1
primarily,sharply,1
primarily,strongly,1
primarily,eventually,1
primarily,clearly,1
naturally,sharply,1
naturally,strongly,1
naturally,eventually,1
naturally,clearly,1
however,naturally,1
sharply,strongly,1
sharply,eventually,1
sharply,clearly,1
strongly,eventually,1
strongly,clearly,1
heavily,categorically,1
heavily,virtually,1
heavily,fast,1
approximately,round,1
practically,namely,1
practically,chronically,1
practically,approximately,1
thus,practically,1
namely,chronically,1
namely,approximately,1
thus,namely,1
chronically,approximately,1
thus,chronically,1
thus,approximately,1
lack,round,1
approximately,lack,1
obviously,even,1
still,sufficiently,1
probably,significantly,1
probably,yearly,1
probably,considerably,1
significantly,yearly,1
significantly,considerably,1
well,significantly,1
yearly,considerably,1
well,yearly,1
well,considerably,1
even,maintenance,1
closely,sufficiently,1
still,closely,1
apart,speech,1
apart,hardly,1
apart,specifically,1
yet,simply,1
later,inevitably,1
inevitably,forth,1
later,immeasurably,1
immeasurably,forth,1
immeasurably,inevitably,1
afar,simultaneously,1
afar,unkindly,1
immediately,forth,1
immediately,inevitably,1
immediately,immeasurably,1
driver,heartily,1
around,heartily,1
around,driver,1
longer,finally,1
afar,closer,1
later,brigadier,1
abroad,jointly,1
already,meanwhile,1
already,emperor,1
emperor,meanwhile,1
already,subsequently,1
subsequently,meanwhile,1
subsequently,emperor,1
afar,enormously,1
afar,hitter,1
afar,italy,1
afar,hard,1
later,forth,1
yet,believe,1
conclusively,usually,1
still,believe,1
afar,appreciate,1
afar,vigorously,1
afar,broadly,1
afar,double,1
afar,find,1
afar,whereby,1
afar,falsely,1
afar,truly,1
afar,timely,1
afar,perfectly,1
afar,explicitly,1
afar,implicitly,1
afar,spiritually,1
afar,achieve,1
afar,amply,1
afar,inseparably,1
afar,understand,1
afar,slowly,1
afar,straight,1
afar,coldly,1
afar,imperceptibly,1
afar,name,1
afar,tentatively,1
afar,badly,1
afar,congress,1
afar,previously,1
unconditionally,entirely,1
generally,unconditionally,1
later,unconditionally,1
still,soong,1
afar,oeec,1
yet,largely,1
actually,altogether,1
afar,peacetime,1
afar,calmly,1
afar,correctly,1
afar,either,1
afar,suddenly,1
afar,higher,1
afar,carefully,1
afar,partly,1
afar,paris,1
afar,ward,1
afar,ir,1
afar,frankly,1
afar,consider,1
actually,resolutely,1
resolutely,altogether,1
afar,mr.,1
afar,molotov,1
afar,internally,1
rather,outright,1
directly,gainfully,1
afar,conclusively,1
directly,rather,1
rather,gainfully,1
directly,together,1
even,usually,1
yet,forever,1
largely,forever,1
vehemently,recklessly,1
task,freely,1
afar,similarly,1
afar,europe,1
afar,characteristically,1
afar,fairly,1
afar,separately,1
afar,analyze,1
afar,commonly,1
yet,soong,1
usually,freely,1
usually,earlier,1
earlier,freely,1
usually,task,1
task,earlier,1
ultimately,hoover,1
afar,adjust,1
usually,inexorably,1
inexorably,freely,1
inexorably,earlier,1
inexorably,task,1
never,inherently,1
ultimately,instead,1
originally,hoover,1
afar,passionately,1
afar,along,1
afar,gradually,1
afar,forcibly,1
afar,utterly,1
afar,vividly,1
afar,spite,1
even,apparently,1
approximately,accurately,1
approximately,hold,1
hold,accurately,1
approximately,completely,1
completely,accurately,1
completely,hold,1
approximately,merely,1
merely,accurately,1
merely,hold,1
merely,completely,1
always,keenly,1
always,impress,1
impress,keenly,1
finally,russia,1
however,keenly,1
however,impress,1
however,finally,1
however,russia,1
sufficiently,really,1
already,sympathetically,1
primarily,soon,1
earlier,definitely,1
fully,instead,1
long,fully,1
unconditionally,sato,1
unconditionally,needlessly,1
needlessly,sato,1
long,earlier,1
even,earlier,1
immediately,matter,1
fortunately,knew,1
effectively,soon,1
effectively,purely,1
materially,barely,1
conceivably,barely,1
conceivably,materially,1
elsewhere,barely,1
elsewhere,materially,1
elsewhere,conceivably,1
seriously,frequently,1
even,ally,1
back,knew,1
back,fortunately,1
equally,immediately,1
immediately,thoroughly,1
personally,mainly,1
personally,wise,1
wise,mainly,1
well,informally,1
meanwhile,logically,1
later,potsdam,1
later,elsewhere,1
elsewhere,potsdam,1
ask,deliberately,1
soon,thoroughly,1
soon,matter,1
matter,thoroughly,1
afar,immensely,1
apparently,certainly,1
afar,speech,1
well,soong,1
afar,middle,1
afar,lack,1
afar,round,1
afar,significantly,1
afar,yearly,1
afar,maintenance,1
afar,heavily,1
afar,fast,1
afar,categorically,1
later,formally,1
later,typewriter,1
highly,fully,1
starter,typewriter,1
later,late,1
late,typewriter,1
late,starter,1
afar,naturally,1
afar,aloofness,1
afar,unquestionably,1
afar,aptly,1
afar,reasonably,1
afar,specifically,1
afar,hardly,1
properly,later,1
properly,typewriter,1
properly,starter,1
properly,late,1
afar,chronically,1
back,nagasaki,1
back,august,1
highly,noon,1
later,likewise,1
afar,meantime,1
afar,industrially,1
quickly,soon,1
soon,tensely,1
soon,august,1
august,tensely,1
afar,latter,1
afar,twice,1
afar,etc,1
afar,south,1
freely,wherever,1
soon,navy,1
back,early,1
immediately,early,1
immediately,august,1
afar,ottawa,1
afar,practically,1
afar,namely,1
immediately,nagasaki,1
nagasaki,early,1
nagasaki,august,1
promptly,back,1
back,soon,1
back,navy,1
back,immediately,1
even,conclusively,1
afar,gainfully,1
apart,reasonably,1
close,reasonably,1
close,hardly,1
close,speech,1
close,spite,1
close,vividly,1
close,utterly,1
close,appreciate,1
close,vigorously,1
close,broadly,1
close,double,1
close,find,1
close,whereby,1
close,falsely,1
close,truly,1
close,timely,1
close,perfectly,1
close,explicitly,1
close,implicitly,1
close,spiritually,1
close,achieve,1
close,amply,1
close,inseparably,1
close,understand,1
close,slowly,1
close,straight,1
close,coldly,1
close,imperceptibly,1
close,name,1
close,specifically,1
close,aptly,1
afar,outright,1
close,unquestionably,1
afar,wholeheartedly,1
afar,publicly,1
afar,privately,1
afar,sore,1
afar,potentially,1
close,immensely,1
close,meantime,1
close,industrially,1
close,latter,1
close,twice,1
close,etc,1
close,south,1
close,ottawa,1
close,practically,1
close,namely,1
close,chronically,1
close,middle,1
close,lack,1
close,round,1
close,significantly,1
close,yearly,1
close,maintenance,1
close,heavily,1
close,fast,1
close,categorically,1
close,naturally,1
close,aloofness,1
close,tentatively,1
close,badly,1
close,congress,1
close,previously,1
apart,industrially,1
apart,latter,1
apart,etc,1
apart,south,1
apart,ottawa,1
apart,practically,1
apart,namely,1
apart,chronically,1
apart,middle,1
apart,lack,1
apart,round,1
apart,undoubtedly,1
apart,significantly,1
apart,yearly,1
apart,considerably,1
apart,maintenance,1
apart,sufficiently,1
apart,fast,1
apart,categorically,1
apart,naturally,1
apart,eventually,1
apart,clearly,1
apart,always,1
apart,aloofness,1
apart,unquestionably,1
apart,longer,1
apart,aptly,1
apart,meantime,1
close,paris,1
close,partly,1
close,separately,1
close,simultaneously,1
close,unkindly,1
close,closer,1
close,enormously,1
close,hitter,1
close,italy,1
close,hard,1
close,oeec,1
close,similarly,1
close,europe,1
close,characteristically,1
close,fairly,1
close,analyze,1
close,carefully,1
close,commonly,1
close,adjust,1
close,passionately,1
close,along,1
close,gradually,1
close,forcibly,1
close,peacetime,1
close,calmly,1
close,correctly,1
close,either,1
close,suddenly,1
close,higher,1
afar,assume,1
afar,courageously,1
afar,genuinely,1
afar,fertilizer,1
afar,sympathetically,1
afar,russia,1
afar,impress,1
afar,hold,1
afar,accurately,1
afar,matter,1
afar,thoroughly,1
afar,ask,1
afar,potsdam,1
afar,logically,1
afar,wise,1
afar,mainly,1
afar,knew,1
afar,ally,1
afar,conceivably,1
far,molotov,1
afar,materially,1
afar,barely,1
afar,secondly,1
afar,somehow,1
afar,superior,1
afar,austin,1
afar,yalta,1
afar,repeatedly,1
afar,prominently,1
afar,korea,1
afar,endure,1
afar,definitely,1
afar,sato,1
afar,tensely,1
afar,emperor,1
afar,resolutely,1
afar,altogether,1
afar,recklessly,1
yet,usually,1
yet,conclusively,1
easily,likewise,1
especially,internally,1
afar,hoover,1
differently,otherwise,1
afar,inherently,1
afar,inexorably,1
afar,task,1
afar,brigadier,1
afar,wherever,1
afar,around,1
afar,driver,1
virtually,together,1
afar,immeasurably,1
afar,forth,1
afar,believe,1
afar,starter,1
afar,typewriter,1
afar,formally,1
afar,nagasaki,1
afar,navy,1
afar,noon,1
afar,progress,1
afar,eleven,1
afar,assuredly,1
afar,treaty,1
unfortunately,ir,1
long,yet,1
long,consider,1
long,frankly,1
long,ir,1
long,best,1
afar,moreover,1
afar,rarely,1
afar,overseas,1
afar,tremendously,1
afar,economically,1
afar,morally,1
afar,earth,1
afar,professedly,1
afar,profess,1
afar,danger,1
afar,automatically,1
afar,worse,1
afar,sincere,1
afar,earnestly,1
afar,honestly,1
afar,brought,1
afar,aggressively,1
afar,unmistakably,1
afar,wiser,1
afar,speedily,1
afar,unwisely,1
unfortunately,frankly,1
unfortunately,consider,1
yet,unfortunately,1
afar,ahead,1
afar,forward,1
afar,permanently,1
afar,newly,1
afar,intelligently,1
afar,unhappily,1
afar,endanger,1
afar,successfully,1
afar,agreed,1
afar,indefinitely,1
afar,friendly,1
afar,time,1
afar,start,1
afar,fundamentally,1
ir,frankly,1
afar,thickly,1
afar,firmly,1
afar,fallaciously,1
afar,shuttle,1
afar,daytime,1
almost,mr.,1
precisely,safely,1
yet,consider,1
yet,frankly,1
frankly,consider,1
yet,ir,1
ir,consider,1
timely,spiritually,1
